--
-- PostgreSQL database dump
--

-- Dumped from database version 16.2 (Postgres.app)
-- Dumped by pg_dump version 16.2 (Postgres.app)

SET statement_timeout = 0;
SET lock_timeout = 0;
SET idle_in_transaction_session_timeout = 0;
SET client_encoding = 'UTF8';
SET standard_conforming_strings = on;
SELECT pg_catalog.set_config('search_path', '', false);
SET check_function_bodies = false;
SET xmloption = content;
SET client_min_messages = warning;
SET row_security = off;

SET default_tablespace = '';

SET default_table_access_method = heap;

--
-- Name: bids; Type: TABLE; Schema: public; Owner: postgres
--

CREATE TABLE public.bids (
    bid_id integer NOT NULL,
    buyer_id integer NOT NULL,
    car_sell_id integer NOT NULL,
    first_bid_price integer NOT NULL,
    first_bid_date timestamp without time zone NOT NULL,
    next_bid_price integer,
    next_bid_date timestamp without time zone
);


ALTER TABLE public.bids OWNER TO postgres;

--
-- Name: bids_bid_id_seq; Type: SEQUENCE; Schema: public; Owner: postgres
--

CREATE SEQUENCE public.bids_bid_id_seq
    AS integer
    START WITH 1
    INCREMENT BY 1
    NO MINVALUE
    NO MAXVALUE
    CACHE 1;


ALTER SEQUENCE public.bids_bid_id_seq OWNER TO postgres;

--
-- Name: bids_bid_id_seq; Type: SEQUENCE OWNED BY; Schema: public; Owner: postgres
--

ALTER SEQUENCE public.bids_bid_id_seq OWNED BY public.bids.bid_id;


--
-- Name: buyers; Type: TABLE; Schema: public; Owner: postgres
--

CREATE TABLE public.buyers (
    buyer_id integer NOT NULL,
    name character varying(255) NOT NULL,
    phone_number character varying(255) NOT NULL,
    email character varying(255) NOT NULL,
    kota_id integer NOT NULL
);


ALTER TABLE public.buyers OWNER TO postgres;

--
-- Name: buyers_buyer_id_seq; Type: SEQUENCE; Schema: public; Owner: postgres
--

CREATE SEQUENCE public.buyers_buyer_id_seq
    AS integer
    START WITH 1
    INCREMENT BY 1
    NO MINVALUE
    NO MAXVALUE
    CACHE 1;


ALTER SEQUENCE public.buyers_buyer_id_seq OWNER TO postgres;

--
-- Name: buyers_buyer_id_seq; Type: SEQUENCE OWNED BY; Schema: public; Owner: postgres
--

ALTER SEQUENCE public.buyers_buyer_id_seq OWNED BY public.buyers.buyer_id;


--
-- Name: cars_products; Type: TABLE; Schema: public; Owner: postgres
--

CREATE TABLE public.cars_products (
    product_id integer NOT NULL,
    seller_id integer NOT NULL,
    brand character varying(50) NOT NULL,
    model character varying(50) NOT NULL,
    year integer NOT NULL,
    price integer NOT NULL,
    body_type character varying(50) NOT NULL,
    car_type character varying(255)
);


ALTER TABLE public.cars_products OWNER TO postgres;

--
-- Name: cars_products_product_id_seq; Type: SEQUENCE; Schema: public; Owner: postgres
--

CREATE SEQUENCE public.cars_products_product_id_seq
    AS integer
    START WITH 1
    INCREMENT BY 1
    NO MINVALUE
    NO MAXVALUE
    CACHE 1;


ALTER SEQUENCE public.cars_products_product_id_seq OWNER TO postgres;

--
-- Name: cars_products_product_id_seq; Type: SEQUENCE OWNED BY; Schema: public; Owner: postgres
--

ALTER SEQUENCE public.cars_products_product_id_seq OWNED BY public.cars_products.product_id;


--
-- Name: cars_sell; Type: TABLE; Schema: public; Owner: postgres
--

CREATE TABLE public.cars_sell (
    car_sell_id integer NOT NULL,
    product_id integer NOT NULL,
    seller_id integer NOT NULL,
    is_bid boolean DEFAULT true,
    date_post timestamp without time zone DEFAULT CURRENT_TIMESTAMP NOT NULL
);


ALTER TABLE public.cars_sell OWNER TO postgres;

--
-- Name: cars_sell_car_sell_id_seq; Type: SEQUENCE; Schema: public; Owner: postgres
--

CREATE SEQUENCE public.cars_sell_car_sell_id_seq
    AS integer
    START WITH 1
    INCREMENT BY 1
    NO MINVALUE
    NO MAXVALUE
    CACHE 1;


ALTER SEQUENCE public.cars_sell_car_sell_id_seq OWNER TO postgres;

--
-- Name: cars_sell_car_sell_id_seq; Type: SEQUENCE OWNED BY; Schema: public; Owner: postgres
--

ALTER SEQUENCE public.cars_sell_car_sell_id_seq OWNED BY public.cars_sell.car_sell_id;


--
-- Name: city; Type: TABLE; Schema: public; Owner: postgres
--

CREATE TABLE public.city (
    kota_id integer NOT NULL,
    nama_kota character varying(255) NOT NULL,
    latitude numeric(9,6),
    longitude numeric(9,6)
);


ALTER TABLE public.city OWNER TO postgres;

--
-- Name: city_kota_id_seq; Type: SEQUENCE; Schema: public; Owner: postgres
--

CREATE SEQUENCE public.city_kota_id_seq
    AS integer
    START WITH 1
    INCREMENT BY 1
    NO MINVALUE
    NO MAXVALUE
    CACHE 1;


ALTER SEQUENCE public.city_kota_id_seq OWNER TO postgres;

--
-- Name: city_kota_id_seq; Type: SEQUENCE OWNED BY; Schema: public; Owner: postgres
--

ALTER SEQUENCE public.city_kota_id_seq OWNED BY public.city.kota_id;


--
-- Name: sellers; Type: TABLE; Schema: public; Owner: postgres
--

CREATE TABLE public.sellers (
    seller_id integer NOT NULL,
    name character varying(255) NOT NULL,
    phone_number character varying(255) NOT NULL,
    email character varying(255) NOT NULL,
    kota_id integer
);


ALTER TABLE public.sellers OWNER TO postgres;

--
-- Name: sellers_seller_id_seq; Type: SEQUENCE; Schema: public; Owner: postgres
--

CREATE SEQUENCE public.sellers_seller_id_seq
    AS integer
    START WITH 1
    INCREMENT BY 1
    NO MINVALUE
    NO MAXVALUE
    CACHE 1;


ALTER SEQUENCE public.sellers_seller_id_seq OWNER TO postgres;

--
-- Name: sellers_seller_id_seq; Type: SEQUENCE OWNED BY; Schema: public; Owner: postgres
--

ALTER SEQUENCE public.sellers_seller_id_seq OWNED BY public.sellers.seller_id;


--
-- Name: bids bid_id; Type: DEFAULT; Schema: public; Owner: postgres
--

ALTER TABLE ONLY public.bids ALTER COLUMN bid_id SET DEFAULT nextval('public.bids_bid_id_seq'::regclass);


--
-- Name: buyers buyer_id; Type: DEFAULT; Schema: public; Owner: postgres
--

ALTER TABLE ONLY public.buyers ALTER COLUMN buyer_id SET DEFAULT nextval('public.buyers_buyer_id_seq'::regclass);


--
-- Name: cars_products product_id; Type: DEFAULT; Schema: public; Owner: postgres
--

ALTER TABLE ONLY public.cars_products ALTER COLUMN product_id SET DEFAULT nextval('public.cars_products_product_id_seq'::regclass);


--
-- Name: cars_sell car_sell_id; Type: DEFAULT; Schema: public; Owner: postgres
--

ALTER TABLE ONLY public.cars_sell ALTER COLUMN car_sell_id SET DEFAULT nextval('public.cars_sell_car_sell_id_seq'::regclass);


--
-- Name: city kota_id; Type: DEFAULT; Schema: public; Owner: postgres
--

ALTER TABLE ONLY public.city ALTER COLUMN kota_id SET DEFAULT nextval('public.city_kota_id_seq'::regclass);


--
-- Name: sellers seller_id; Type: DEFAULT; Schema: public; Owner: postgres
--

ALTER TABLE ONLY public.sellers ALTER COLUMN seller_id SET DEFAULT nextval('public.sellers_seller_id_seq'::regclass);


--
-- Data for Name: bids; Type: TABLE DATA; Schema: public; Owner: postgres
--

COPY public.bids (bid_id, buyer_id, car_sell_id, first_bid_price, first_bid_date, next_bid_price, next_bid_date) FROM stdin;
1	21	172	111821603	2024-03-19 00:00:00	113999879	2024-03-26 00:00:00
2	24	201	224697521	2024-02-24 00:00:00	232452206	2024-03-07 00:00:00
3	10	128	119588140	2024-03-17 00:00:00	\N	\N
4	20	59	172179020	2024-02-17 00:00:00	\N	\N
5	30	104	189206221	2024-03-29 00:00:00	190056472	2024-04-17 00:00:00
6	13	226	131913706	2024-03-03 00:00:00	140699156	2024-03-12 00:00:00
7	46	66	309281137	2024-01-20 00:00:00	310815377	2024-01-31 00:00:00
8	2	135	252206466	2024-02-17 00:00:00	258408302	2024-02-19 00:00:00
9	23	129	330592489	2024-01-26 00:00:00	332273272	2024-02-01 00:00:00
10	42	206	205848931	2024-03-25 00:00:00	208840375	2024-04-13 00:00:00
11	39	124	134091578	2024-03-05 00:00:00	\N	\N
12	17	102	197067777	2024-01-12 00:00:00	\N	\N
13	28	28	231788136	2024-02-04 00:00:00	\N	\N
14	11	90	254612996	2024-01-07 00:00:00	\N	\N
15	17	79	351173766	2024-03-09 00:00:00	359251992	2024-03-24 00:00:00
16	40	20	232860437	2024-02-21 00:00:00	\N	\N
17	18	49	326260991	2024-02-28 00:00:00	336179744	2024-03-04 00:00:00
18	34	26	330177491	2024-02-27 00:00:00	\N	\N
19	23	60	326096694	2024-01-24 00:00:00	\N	\N
20	29	89	285763738	2024-03-02 00:00:00	\N	\N
21	38	222	116552557	2024-02-21 00:00:00	\N	\N
22	48	31	119293267	2024-02-16 00:00:00	\N	\N
23	34	12	325778514	2024-01-21 00:00:00	332454980	2024-01-25 00:00:00
24	20	211	226851770	2024-03-26 00:00:00	\N	\N
25	48	80	222788243	2024-01-07 00:00:00	\N	\N
26	42	65	224837996	2024-03-10 00:00:00	234032261	2024-03-18 00:00:00
27	10	146	238090716	2024-03-01 00:00:00	\N	\N
28	2	55	313629905	2024-02-10 00:00:00	323621695	2024-03-09 00:00:00
29	45	137	392939839	2024-02-14 00:00:00	\N	\N
30	7	154	169086810	2024-01-04 00:00:00	176443627	2024-01-21 00:00:00
31	21	225	248813706	2024-02-19 00:00:00	253595643	2024-02-26 00:00:00
32	42	147	399100804	2024-03-03 00:00:00	\N	\N
33	34	176	366280955	2024-03-20 00:00:00	370048298	2024-04-06 00:00:00
34	45	91	304830303	2024-03-19 00:00:00	308779822	2024-04-12 00:00:00
35	46	246	244983885	2024-03-25 00:00:00	245576684	2024-04-18 00:00:00
36	6	95	93889960	2024-03-22 00:00:00	\N	\N
37	42	238	224094275	2024-02-03 00:00:00	\N	\N
38	44	16	224916864	2024-03-21 00:00:00	231802288	2024-03-30 00:00:00
39	36	175	235927639	2024-02-04 00:00:00	237625675	2024-03-03 00:00:00
40	35	41	281093426	2024-02-08 00:00:00	287030911	2024-03-02 00:00:00
41	29	45	204367992	2024-03-22 00:00:00	\N	\N
42	4	20	334536347	2024-01-01 00:00:00	341643012	2024-01-21 00:00:00
43	4	196	277626278	2024-03-17 00:00:00	283162438	2024-04-08 00:00:00
44	34	248	226044768	2024-03-07 00:00:00	234438984	2024-03-25 00:00:00
45	24	5	284034790	2024-01-25 00:00:00	286222537	2024-02-20 00:00:00
46	5	93	290911806	2024-03-09 00:00:00	\N	\N
47	22	234	337522066	2024-01-08 00:00:00	\N	\N
48	5	93	191251780	2024-01-17 00:00:00	198108785	2024-02-08 00:00:00
49	32	134	242963371	2024-01-12 00:00:00	\N	\N
50	33	53	263023332	2024-03-06 00:00:00	264133608	2024-03-29 00:00:00
51	42	99	172098567	2024-03-17 00:00:00	\N	\N
52	28	3	186790850	2024-02-08 00:00:00	190625007	2024-02-18 00:00:00
53	42	118	290551691	2024-01-24 00:00:00	\N	\N
54	37	158	183274069	2024-01-15 00:00:00	\N	\N
55	2	59	380820320	2024-01-29 00:00:00	\N	\N
56	10	77	138316775	2024-03-11 00:00:00	146286378	2024-04-02 00:00:00
57	45	120	133375956	2024-03-01 00:00:00	139912772	2024-03-20 00:00:00
58	14	192	194801408	2024-03-19 00:00:00	204144515	2024-03-20 00:00:00
59	40	163	307055231	2024-03-24 00:00:00	\N	\N
60	32	245	210483775	2024-01-16 00:00:00	214839145	2024-02-07 00:00:00
61	16	169	311278325	2024-02-22 00:00:00	316895607	2024-02-26 00:00:00
62	33	101	102701815	2024-03-18 00:00:00	106421601	2024-03-23 00:00:00
63	48	80	357518225	2024-02-22 00:00:00	362266222	2024-03-16 00:00:00
64	28	168	318629082	2024-02-11 00:00:00	324976959	2024-03-07 00:00:00
65	38	86	276309132	2024-02-21 00:00:00	\N	\N
66	5	143	100032453	2024-02-12 00:00:00	\N	\N
67	48	191	151684974	2024-02-26 00:00:00	154129560	2024-03-21 00:00:00
68	45	74	231419730	2024-03-11 00:00:00	\N	\N
69	19	88	245368241	2024-03-15 00:00:00	\N	\N
70	45	173	127179892	2024-03-07 00:00:00	132859302	2024-03-15 00:00:00
71	45	124	386697111	2024-03-31 00:00:00	\N	\N
72	50	103	184050702	2024-03-03 00:00:00	\N	\N
73	8	150	286090747	2024-01-19 00:00:00	\N	\N
74	49	187	361195694	2024-01-07 00:00:00	369254669	2024-01-20 00:00:00
75	42	125	157401421	2024-02-19 00:00:00	158125355	2024-02-26 00:00:00
76	9	72	303241186	2024-01-17 00:00:00	\N	\N
77	2	114	335741539	2024-03-14 00:00:00	\N	\N
78	43	193	392327828	2024-01-24 00:00:00	394037614	2024-01-26 00:00:00
79	1	30	266738664	2024-03-27 00:00:00	273922419	2024-04-01 00:00:00
80	9	193	148848433	2024-02-23 00:00:00	152166760	2024-03-13 00:00:00
81	16	84	232452437	2024-01-26 00:00:00	\N	\N
82	48	173	226938961	2024-02-24 00:00:00	\N	\N
83	17	168	285933685	2024-01-11 00:00:00	290547471	2024-02-03 00:00:00
84	36	211	111122536	2024-01-10 00:00:00	\N	\N
85	24	135	285770664	2024-01-16 00:00:00	292542630	2024-01-19 00:00:00
86	19	174	316180186	2024-03-25 00:00:00	324630940	2024-04-20 00:00:00
87	18	186	315458502	2024-01-24 00:00:00	\N	\N
88	39	84	274745671	2024-03-12 00:00:00	\N	\N
89	8	7	160885161	2024-01-10 00:00:00	162464847	2024-02-08 00:00:00
90	45	56	362959867	2024-03-15 00:00:00	364913527	2024-04-09 00:00:00
91	1	31	262671700	2024-03-31 00:00:00	\N	\N
92	32	211	188299633	2024-01-04 00:00:00	190454700	2024-01-27 00:00:00
93	31	42	246631965	2024-02-07 00:00:00	\N	\N
94	42	123	303260271	2024-01-06 00:00:00	\N	\N
95	39	201	134149391	2024-02-27 00:00:00	\N	\N
96	18	222	206552325	2024-02-10 00:00:00	208708341	2024-02-22 00:00:00
97	38	79	355644839	2024-02-16 00:00:00	359851528	2024-02-25 00:00:00
98	41	44	247209800	2024-01-22 00:00:00	\N	\N
99	16	188	341736276	2024-03-21 00:00:00	\N	\N
100	30	189	279443106	2024-02-03 00:00:00	\N	\N
101	47	249	249315020	2024-01-06 00:00:00	254488703	2024-01-27 00:00:00
102	31	64	163830516	2024-02-29 00:00:00	\N	\N
103	32	104	348034485	2024-03-08 00:00:00	\N	\N
104	13	222	203570804	2024-02-20 00:00:00	207313318	2024-03-07 00:00:00
105	21	210	371439565	2024-02-20 00:00:00	381058906	2024-03-16 00:00:00
106	4	86	242795589	2024-03-23 00:00:00	247289704	2024-04-18 00:00:00
107	5	222	355067041	2024-02-25 00:00:00	356206862	2024-03-10 00:00:00
108	34	185	157345511	2024-01-10 00:00:00	161476500	2024-01-22 00:00:00
109	34	241	250983565	2024-02-12 00:00:00	254689962	2024-03-11 00:00:00
110	26	71	258978830	2024-03-04 00:00:00	\N	\N
111	19	248	298029962	2024-02-17 00:00:00	304486168	2024-02-29 00:00:00
112	42	122	239067651	2024-03-20 00:00:00	\N	\N
113	40	66	141135406	2024-01-11 00:00:00	\N	\N
114	26	16	274841553	2024-03-19 00:00:00	\N	\N
115	23	144	377290270	2024-03-07 00:00:00	384747925	2024-03-14 00:00:00
116	4	225	201693680	2024-03-09 00:00:00	\N	\N
117	11	15	188762113	2024-01-16 00:00:00	\N	\N
118	8	128	299938366	2024-01-28 00:00:00	309236729	2024-02-22 00:00:00
119	13	35	205678870	2024-01-01 00:00:00	\N	\N
120	42	137	196913706	2024-01-23 00:00:00	\N	\N
121	30	40	388397492	2024-02-11 00:00:00	\N	\N
122	4	218	356432279	2024-01-22 00:00:00	\N	\N
123	3	200	307865176	2024-02-13 00:00:00	313401701	2024-03-06 00:00:00
124	34	220	99152652	2024-03-09 00:00:00	101297204	2024-04-07 00:00:00
125	7	224	266538347	2024-01-03 00:00:00	\N	\N
126	15	172	374541186	2024-02-28 00:00:00	374724790	2024-03-06 00:00:00
127	20	117	342289833	2024-02-26 00:00:00	\N	\N
128	37	182	173302315	2024-03-29 00:00:00	\N	\N
129	22	74	230360640	2024-03-22 00:00:00	233503872	2024-04-17 00:00:00
130	27	133	315122637	2024-01-13 00:00:00	\N	\N
131	9	204	118452782	2024-02-04 00:00:00	125294885	2024-02-11 00:00:00
132	38	94	346808462	2024-01-23 00:00:00	\N	\N
133	45	243	156549837	2024-02-16 00:00:00	163015515	2024-03-06 00:00:00
134	46	150	149395670	2024-02-05 00:00:00	153561165	2024-02-12 00:00:00
135	36	210	321927070	2024-02-17 00:00:00	\N	\N
136	24	57	214973656	2024-01-03 00:00:00	222747771	2024-01-27 00:00:00
137	24	216	134400166	2024-03-28 00:00:00	134969510	2024-04-08 00:00:00
138	49	208	355983652	2024-03-02 00:00:00	\N	\N
139	21	100	134803804	2024-02-09 00:00:00	136359544	2024-02-20 00:00:00
140	7	145	256036597	2024-03-01 00:00:00	\N	\N
141	37	53	371248716	2024-01-14 00:00:00	377376302	2024-01-18 00:00:00
142	40	105	353238486	2024-03-14 00:00:00	\N	\N
143	46	8	213816953	2024-03-16 00:00:00	218020561	2024-04-01 00:00:00
144	3	9	132174436	2024-01-31 00:00:00	\N	\N
145	48	20	298229428	2024-03-18 00:00:00	305012462	2024-04-10 00:00:00
146	19	198	379927091	2024-02-29 00:00:00	\N	\N
147	12	112	113150591	2024-03-09 00:00:00	\N	\N
148	38	65	253808961	2024-03-08 00:00:00	257814840	2024-03-29 00:00:00
149	24	106	314796669	2024-03-16 00:00:00	\N	\N
150	39	159	224183816	2024-01-13 00:00:00	227095645	2024-01-26 00:00:00
151	36	47	374186356	2024-03-24 00:00:00	\N	\N
152	49	126	150922843	2024-01-18 00:00:00	\N	\N
153	5	206	194695787	2024-03-02 00:00:00	198194978	2024-03-17 00:00:00
154	47	143	376046190	2024-01-13 00:00:00	379201786	2024-01-22 00:00:00
155	33	177	248730966	2024-02-06 00:00:00	\N	\N
156	16	75	114739875	2024-03-16 00:00:00	\N	\N
157	24	119	285705428	2024-02-07 00:00:00	\N	\N
158	37	159	264980638	2024-01-07 00:00:00	\N	\N
159	26	98	162891480	2024-02-22 00:00:00	\N	\N
160	45	148	302427075	2024-02-14 00:00:00	308650717	2024-03-06 00:00:00
161	31	201	369104768	2024-01-26 00:00:00	\N	\N
162	14	105	261639919	2024-01-09 00:00:00	267697516	2024-02-01 00:00:00
163	46	154	258470766	2024-03-19 00:00:00	\N	\N
164	27	228	135516885	2024-03-22 00:00:00	\N	\N
165	45	74	323498994	2024-01-23 00:00:00	\N	\N
166	48	218	359713998	2024-03-27 00:00:00	\N	\N
167	31	94	205684607	2024-02-26 00:00:00	207918936	2024-03-08 00:00:00
168	45	43	141745430	2024-01-28 00:00:00	\N	\N
169	9	186	208119669	2024-01-22 00:00:00	211107065	2024-01-31 00:00:00
170	30	189	351814119	2024-01-21 00:00:00	352086708	2024-02-14 00:00:00
171	21	157	187449545	2024-01-04 00:00:00	\N	\N
172	32	176	146147678	2024-02-10 00:00:00	\N	\N
173	26	166	362643221	2024-01-02 00:00:00	\N	\N
174	42	99	206942974	2024-03-30 00:00:00	\N	\N
175	12	33	246465513	2024-02-27 00:00:00	\N	\N
176	30	203	352256080	2024-03-07 00:00:00	355509959	2024-04-01 00:00:00
177	50	104	399122232	2024-02-05 00:00:00	402416511	2024-02-13 00:00:00
178	44	51	290030809	2024-03-07 00:00:00	\N	\N
179	18	179	265278298	2024-03-18 00:00:00	269954858	2024-03-20 00:00:00
180	25	83	344206488	2024-03-06 00:00:00	\N	\N
181	43	243	140384903	2024-03-20 00:00:00	143602569	2024-04-04 00:00:00
182	31	140	279284952	2024-03-17 00:00:00	287259634	2024-03-20 00:00:00
183	44	163	188290739	2024-03-24 00:00:00	190510817	2024-03-30 00:00:00
184	6	145	363724906	2024-01-31 00:00:00	369969169	2024-02-05 00:00:00
185	38	129	134047824	2024-02-03 00:00:00	\N	\N
186	48	30	174550986	2024-01-15 00:00:00	176281578	2024-01-18 00:00:00
187	18	151	215894870	2024-03-11 00:00:00	\N	\N
188	31	109	145441679	2024-03-01 00:00:00	\N	\N
189	8	153	224878029	2024-01-14 00:00:00	228687173	2024-01-27 00:00:00
190	38	18	376839143	2024-01-13 00:00:00	385388553	2024-01-20 00:00:00
191	36	225	155576726	2024-01-12 00:00:00	\N	\N
192	30	27	380586109	2024-01-18 00:00:00	\N	\N
193	4	207	129037613	2024-03-22 00:00:00	\N	\N
194	26	196	220897182	2024-03-28 00:00:00	222386287	2024-04-21 00:00:00
195	35	221	282039628	2024-03-04 00:00:00	\N	\N
196	47	140	323712956	2024-02-01 00:00:00	327729450	2024-02-18 00:00:00
197	40	206	338400811	2024-02-21 00:00:00	341496782	2024-03-08 00:00:00
198	23	147	398779536	2024-03-20 00:00:00	\N	\N
199	39	232	327842145	2024-01-11 00:00:00	332287360	2024-01-17 00:00:00
200	30	238	249730767	2024-02-05 00:00:00	\N	\N
201	37	90	162234006	2024-03-07 00:00:00	\N	\N
202	37	117	295676005	2024-01-09 00:00:00	\N	\N
203	23	60	95749477	2024-03-17 00:00:00	\N	\N
204	28	223	363567719	2024-03-31 00:00:00	366331620	2024-04-24 00:00:00
205	15	243	362775199	2024-01-14 00:00:00	369945401	2024-01-16 00:00:00
206	30	17	279203901	2024-01-02 00:00:00	286408068	2024-01-23 00:00:00
207	39	170	385820074	2024-01-07 00:00:00	386112756	2024-01-14 00:00:00
208	23	133	134571059	2024-01-11 00:00:00	\N	\N
209	30	9	211999232	2024-02-02 00:00:00	\N	\N
210	2	99	224844118	2024-03-05 00:00:00	232615298	2024-03-28 00:00:00
211	13	239	132110974	2024-02-05 00:00:00	141965850	2024-03-03 00:00:00
212	35	71	273283177	2024-02-20 00:00:00	274263602	2024-02-24 00:00:00
213	17	116	372278350	2024-01-15 00:00:00	377057237	2024-01-18 00:00:00
214	23	77	239626480	2024-01-06 00:00:00	243111841	2024-01-21 00:00:00
215	13	72	381773684	2024-01-30 00:00:00	389793465	2024-01-31 00:00:00
216	23	86	115252067	2024-03-14 00:00:00	122550820	2024-03-25 00:00:00
217	46	225	142803145	2024-01-16 00:00:00	\N	\N
218	13	62	252158794	2024-01-03 00:00:00	255920710	2024-01-21 00:00:00
219	18	157	202736102	2024-02-18 00:00:00	\N	\N
220	7	77	338769518	2024-02-08 00:00:00	\N	\N
221	26	230	109929223	2024-02-14 00:00:00	111139204	2024-03-10 00:00:00
222	27	189	379876335	2024-03-09 00:00:00	\N	\N
223	26	87	90370336	2024-01-09 00:00:00	\N	\N
224	4	177	165872754	2024-02-27 00:00:00	167238655	2024-03-05 00:00:00
225	11	106	193878949	2024-03-31 00:00:00	198964692	2024-04-14 00:00:00
226	50	190	177474659	2024-03-20 00:00:00	\N	\N
227	7	36	178508747	2024-03-25 00:00:00	184968656	2024-04-23 00:00:00
228	28	168	273668254	2024-03-19 00:00:00	283066075	2024-04-11 00:00:00
229	36	43	201168734	2024-01-16 00:00:00	\N	\N
230	24	49	398928904	2024-01-13 00:00:00	\N	\N
231	11	42	152254972	2024-01-28 00:00:00	\N	\N
232	31	42	281679643	2024-03-11 00:00:00	\N	\N
233	8	175	189754085	2024-03-31 00:00:00	\N	\N
234	22	171	349954622	2024-02-07 00:00:00	359674122	2024-02-20 00:00:00
235	14	57	201908610	2024-01-05 00:00:00	\N	\N
236	23	139	394866672	2024-03-29 00:00:00	403124585	2024-04-09 00:00:00
237	32	139	368937314	2024-02-27 00:00:00	\N	\N
238	30	114	133827899	2024-02-18 00:00:00	\N	\N
239	8	7	374297036	2024-02-06 00:00:00	\N	\N
240	47	67	344737092	2024-01-14 00:00:00	348172408	2024-01-22 00:00:00
241	28	35	109982020	2024-03-08 00:00:00	\N	\N
242	41	115	151375943	2024-01-22 00:00:00	\N	\N
243	50	61	266853508	2024-01-10 00:00:00	\N	\N
244	25	138	147268521	2024-02-09 00:00:00	151445906	2024-03-01 00:00:00
245	8	233	228208313	2024-03-13 00:00:00	234046779	2024-03-24 00:00:00
246	8	23	246548326	2024-02-24 00:00:00	250391364	2024-02-28 00:00:00
247	30	193	226907533	2024-03-01 00:00:00	\N	\N
248	7	116	175161241	2024-01-19 00:00:00	176228257	2024-02-11 00:00:00
249	6	195	386492451	2024-01-13 00:00:00	\N	\N
250	31	186	285094360	2024-03-20 00:00:00	\N	\N
251	34	5	226500286	2024-02-17 00:00:00	228250338	2024-03-14 00:00:00
252	26	97	131078860	2024-03-02 00:00:00	140400340	2024-03-09 00:00:00
253	50	221	203335641	2024-02-13 00:00:00	206570132	2024-03-14 00:00:00
254	39	105	212193565	2024-03-30 00:00:00	\N	\N
255	29	114	141358547	2024-01-11 00:00:00	\N	\N
256	15	94	171816704	2024-03-02 00:00:00	\N	\N
257	7	130	172021619	2024-01-20 00:00:00	177356164	2024-02-02 00:00:00
258	17	107	313438867	2024-03-17 00:00:00	\N	\N
259	3	159	332945313	2024-02-09 00:00:00	\N	\N
260	16	210	276056708	2024-02-06 00:00:00	\N	\N
261	14	178	149331457	2024-03-27 00:00:00	156047175	2024-04-19 00:00:00
262	25	144	117249751	2024-03-26 00:00:00	\N	\N
263	39	213	105016536	2024-03-31 00:00:00	\N	\N
264	27	24	269347065	2024-02-09 00:00:00	272826946	2024-03-08 00:00:00
265	28	106	372506032	2024-03-08 00:00:00	378775070	2024-03-09 00:00:00
266	32	51	115016268	2024-01-20 00:00:00	\N	\N
267	24	53	187621065	2024-02-04 00:00:00	\N	\N
268	3	2	237514031	2024-03-05 00:00:00	241471805	2024-03-13 00:00:00
269	20	70	146205048	2024-01-06 00:00:00	\N	\N
270	45	88	296198047	2024-01-06 00:00:00	\N	\N
271	30	37	225335891	2024-03-26 00:00:00	\N	\N
272	43	217	268958167	2024-03-28 00:00:00	\N	\N
273	40	167	321502209	2024-01-29 00:00:00	330729954	2024-02-04 00:00:00
274	2	102	293548818	2024-02-09 00:00:00	296966008	2024-02-19 00:00:00
275	13	96	220423130	2024-02-15 00:00:00	224144733	2024-02-29 00:00:00
276	33	110	151286849	2024-02-29 00:00:00	\N	\N
277	3	226	297195207	2024-03-22 00:00:00	300814829	2024-03-25 00:00:00
278	1	64	239550233	2024-02-18 00:00:00	246210438	2024-02-28 00:00:00
279	2	230	356106929	2024-01-08 00:00:00	\N	\N
280	1	123	198836377	2024-03-12 00:00:00	207669184	2024-03-28 00:00:00
281	2	104	280694680	2024-03-24 00:00:00	290604422	2024-04-11 00:00:00
282	4	224	251412312	2024-02-22 00:00:00	258222004	2024-03-10 00:00:00
283	37	152	133744043	2024-03-21 00:00:00	142026131	2024-03-29 00:00:00
284	18	79	223202178	2024-02-23 00:00:00	\N	\N
285	6	15	110704759	2024-02-06 00:00:00	119799539	2024-02-27 00:00:00
286	12	230	159525327	2024-03-21 00:00:00	162076748	2024-04-18 00:00:00
287	10	173	149109011	2024-02-06 00:00:00	154738664	2024-02-26 00:00:00
288	36	125	358007440	2024-01-13 00:00:00	\N	\N
289	16	42	331150497	2024-01-03 00:00:00	\N	\N
290	50	243	191452970	2024-01-29 00:00:00	\N	\N
291	42	21	142478018	2024-02-22 00:00:00	\N	\N
292	44	182	381736966	2024-02-28 00:00:00	\N	\N
293	21	231	91655639	2024-01-12 00:00:00	\N	\N
294	20	207	367461585	2024-03-30 00:00:00	376163036	2024-04-28 00:00:00
295	10	210	227427871	2024-02-24 00:00:00	\N	\N
296	13	44	258890202	2024-03-26 00:00:00	\N	\N
297	37	105	394664977	2024-03-21 00:00:00	\N	\N
298	19	67	325726844	2024-01-12 00:00:00	333228747	2024-01-23 00:00:00
299	17	73	376737086	2024-03-30 00:00:00	383114015	2024-04-19 00:00:00
300	42	162	328532862	2024-02-26 00:00:00	332949630	2024-03-27 00:00:00
301	14	131	290220701	2024-03-18 00:00:00	292426344	2024-04-17 00:00:00
302	34	53	328381498	2024-01-25 00:00:00	\N	\N
303	25	103	118881075	2024-02-21 00:00:00	124457787	2024-02-24 00:00:00
304	3	232	119856107	2024-01-05 00:00:00	\N	\N
305	16	178	118200447	2024-01-26 00:00:00	126866563	2024-02-10 00:00:00
306	17	176	394957185	2024-03-26 00:00:00	397085110	2024-04-03 00:00:00
307	10	75	222237392	2024-03-02 00:00:00	\N	\N
308	7	168	142117547	2024-02-17 00:00:00	144459403	2024-02-19 00:00:00
309	31	244	387451073	2024-03-10 00:00:00	392976542	2024-03-30 00:00:00
310	13	183	380330727	2024-01-28 00:00:00	382807395	2024-02-06 00:00:00
311	28	9	157559203	2024-01-23 00:00:00	166167387	2024-01-24 00:00:00
312	20	136	275047219	2024-01-02 00:00:00	\N	\N
313	18	111	386043448	2024-03-14 00:00:00	\N	\N
314	8	229	241001090	2024-03-30 00:00:00	250096855	2024-04-10 00:00:00
315	9	182	227740930	2024-02-07 00:00:00	\N	\N
316	24	250	266049440	2024-01-29 00:00:00	\N	\N
317	17	144	152653611	2024-02-02 00:00:00	156247783	2024-02-23 00:00:00
318	45	209	218191037	2024-02-22 00:00:00	\N	\N
319	2	180	126669303	2024-03-11 00:00:00	135831882	2024-04-09 00:00:00
320	28	241	226980047	2024-01-05 00:00:00	\N	\N
321	38	65	290004979	2024-03-28 00:00:00	293821352	2024-04-18 00:00:00
322	48	73	174205372	2024-03-31 00:00:00	\N	\N
323	46	135	336900538	2024-01-16 00:00:00	\N	\N
324	6	97	265628650	2024-03-25 00:00:00	274591310	2024-03-27 00:00:00
325	35	98	382561979	2024-02-18 00:00:00	384789672	2024-02-20 00:00:00
326	40	180	316533326	2024-01-17 00:00:00	324872328	2024-01-23 00:00:00
327	44	19	307600664	2024-01-15 00:00:00	314831043	2024-01-25 00:00:00
328	13	22	274674910	2024-02-16 00:00:00	\N	\N
329	36	121	190495363	2024-01-27 00:00:00	\N	\N
330	7	156	354413923	2024-02-15 00:00:00	\N	\N
331	50	150	184442320	2024-02-15 00:00:00	188508895	2024-03-04 00:00:00
332	33	29	277263908	2024-01-05 00:00:00	283239909	2024-01-13 00:00:00
333	30	5	102578634	2024-03-31 00:00:00	112347228	2024-04-08 00:00:00
334	5	139	96080074	2024-03-02 00:00:00	\N	\N
335	25	18	293211349	2024-03-15 00:00:00	\N	\N
336	36	88	170215047	2024-02-26 00:00:00	\N	\N
337	13	80	237053883	2024-03-07 00:00:00	\N	\N
338	11	42	392284647	2024-01-21 00:00:00	399966912	2024-02-04 00:00:00
339	27	75	223794297	2024-02-03 00:00:00	229867318	2024-02-11 00:00:00
340	31	124	353868641	2024-03-13 00:00:00	360178202	2024-03-19 00:00:00
341	16	70	370426707	2024-01-04 00:00:00	378612264	2024-01-23 00:00:00
342	16	225	354774441	2024-03-15 00:00:00	360666924	2024-04-06 00:00:00
343	42	147	224657779	2024-01-28 00:00:00	231393482	2024-02-05 00:00:00
344	25	2	291244300	2024-01-18 00:00:00	\N	\N
345	37	24	255214229	2024-03-11 00:00:00	264614829	2024-03-29 00:00:00
346	33	88	339797046	2024-02-22 00:00:00	\N	\N
347	48	225	209621237	2024-01-03 00:00:00	214887907	2024-01-15 00:00:00
348	2	153	335138698	2024-02-23 00:00:00	\N	\N
349	24	194	329586774	2024-03-07 00:00:00	\N	\N
350	50	122	132472284	2024-03-29 00:00:00	135804732	2024-04-03 00:00:00
351	33	96	235113668	2024-03-16 00:00:00	235627626	2024-04-09 00:00:00
352	14	242	131421782	2024-01-14 00:00:00	\N	\N
353	48	36	234830673	2024-02-02 00:00:00	237492030	2024-02-05 00:00:00
354	36	68	377124966	2024-02-07 00:00:00	378128062	2024-02-22 00:00:00
355	12	5	245714400	2024-01-26 00:00:00	252770708	2024-02-21 00:00:00
356	39	211	290745364	2024-01-05 00:00:00	297230409	2024-01-14 00:00:00
357	14	68	187757770	2024-01-18 00:00:00	193974069	2024-01-28 00:00:00
358	12	135	327280356	2024-01-05 00:00:00	337172711	2024-01-15 00:00:00
359	48	92	366235030	2024-02-09 00:00:00	\N	\N
360	41	113	130499535	2024-03-30 00:00:00	\N	\N
361	28	21	379140969	2024-02-14 00:00:00	\N	\N
362	15	233	165035013	2024-03-28 00:00:00	\N	\N
363	45	80	99976595	2024-01-11 00:00:00	109939317	2024-01-19 00:00:00
364	26	198	93296562	2024-01-21 00:00:00	95283159	2024-01-27 00:00:00
365	12	115	113426344	2024-02-25 00:00:00	123158271	2024-03-07 00:00:00
366	44	176	389067596	2024-02-14 00:00:00	\N	\N
367	16	94	391405214	2024-03-07 00:00:00	392246516	2024-03-29 00:00:00
368	46	105	110318563	2024-02-01 00:00:00	117470311	2024-02-13 00:00:00
369	36	224	136616008	2024-03-18 00:00:00	\N	\N
370	3	43	194129185	2024-01-30 00:00:00	\N	\N
371	17	104	225694934	2024-02-27 00:00:00	\N	\N
372	28	207	151917247	2024-02-14 00:00:00	\N	\N
373	49	206	354214496	2024-01-02 00:00:00	\N	\N
374	45	141	170971108	2024-03-01 00:00:00	173842600	2024-03-23 00:00:00
375	16	164	151222884	2024-01-26 00:00:00	\N	\N
376	18	209	140765646	2024-02-06 00:00:00	\N	\N
377	29	233	384018974	2024-02-19 00:00:00	\N	\N
378	2	190	124062128	2024-01-02 00:00:00	129158594	2024-01-10 00:00:00
379	19	192	134633840	2024-01-25 00:00:00	\N	\N
380	24	129	178127741	2024-03-22 00:00:00	185281044	2024-03-29 00:00:00
381	47	194	197068944	2024-03-08 00:00:00	206664190	2024-03-29 00:00:00
382	23	128	343880532	2024-02-23 00:00:00	\N	\N
383	18	70	312005577	2024-01-30 00:00:00	\N	\N
384	24	89	238469836	2024-02-27 00:00:00	239837673	2024-03-12 00:00:00
385	12	6	112287920	2024-01-25 00:00:00	114433255	2024-02-13 00:00:00
386	3	37	291360534	2024-03-07 00:00:00	\N	\N
387	18	177	289590867	2024-03-01 00:00:00	297517700	2024-03-27 00:00:00
388	43	114	193785088	2024-01-05 00:00:00	197512194	2024-01-17 00:00:00
389	1	72	145334495	2024-01-15 00:00:00	\N	\N
390	5	152	269185665	2024-01-12 00:00:00	273597397	2024-01-14 00:00:00
391	42	176	384754707	2024-01-01 00:00:00	388920176	2024-01-05 00:00:00
392	34	101	164759633	2024-01-15 00:00:00	\N	\N
393	38	102	121229812	2024-01-25 00:00:00	125033787	2024-01-29 00:00:00
394	34	174	133722455	2024-02-12 00:00:00	136603439	2024-03-08 00:00:00
395	25	17	349937235	2024-02-24 00:00:00	\N	\N
396	41	13	107771048	2024-03-26 00:00:00	109994018	2024-04-20 00:00:00
397	11	128	104879672	2024-01-07 00:00:00	107835444	2024-01-22 00:00:00
398	35	226	267613505	2024-01-30 00:00:00	270783925	2024-02-04 00:00:00
399	26	158	363542571	2024-03-04 00:00:00	\N	\N
400	44	50	201952489	2024-02-20 00:00:00	\N	\N
401	27	135	237718604	2024-01-06 00:00:00	\N	\N
402	36	86	340232612	2024-03-29 00:00:00	\N	\N
403	34	174	296730347	2024-01-08 00:00:00	\N	\N
404	47	163	367481482	2024-01-15 00:00:00	\N	\N
405	47	142	180704610	2024-01-31 00:00:00	\N	\N
406	25	168	100686290	2024-01-15 00:00:00	100807902	2024-01-29 00:00:00
407	14	84	117959795	2024-01-10 00:00:00	\N	\N
408	14	205	98337136	2024-02-20 00:00:00	\N	\N
409	42	97	171291298	2024-03-16 00:00:00	178264445	2024-04-01 00:00:00
410	45	8	376461297	2024-01-28 00:00:00	378266413	2024-02-02 00:00:00
411	31	94	124034894	2024-03-09 00:00:00	133108260	2024-03-11 00:00:00
412	24	85	342368576	2024-03-12 00:00:00	\N	\N
413	9	145	314463906	2024-01-08 00:00:00	\N	\N
414	40	161	271064580	2024-03-25 00:00:00	\N	\N
415	11	4	187964738	2024-03-06 00:00:00	195409759	2024-03-26 00:00:00
416	11	141	383561453	2024-02-16 00:00:00	391789198	2024-03-04 00:00:00
417	11	65	258137723	2024-02-03 00:00:00	258288604	2024-02-28 00:00:00
418	46	163	148843235	2024-01-16 00:00:00	\N	\N
419	45	160	116915523	2024-01-12 00:00:00	119364980	2024-01-14 00:00:00
420	24	149	177567494	2024-01-30 00:00:00	180905158	2024-02-11 00:00:00
421	42	50	378417183	2024-01-11 00:00:00	\N	\N
422	35	229	333010949	2024-03-27 00:00:00	334479155	2024-04-09 00:00:00
423	25	20	196226728	2024-01-25 00:00:00	\N	\N
424	8	182	327402528	2024-03-05 00:00:00	333050834	2024-03-24 00:00:00
425	16	45	289729348	2024-01-10 00:00:00	294115369	2024-01-25 00:00:00
426	31	69	301098048	2024-02-04 00:00:00	\N	\N
427	43	140	137651068	2024-01-04 00:00:00	143265850	2024-01-24 00:00:00
428	27	80	209525703	2024-01-10 00:00:00	213441374	2024-01-29 00:00:00
429	1	66	138404118	2024-02-23 00:00:00	\N	\N
430	28	50	257124240	2024-01-21 00:00:00	259077650	2024-02-20 00:00:00
431	36	230	116905121	2024-02-06 00:00:00	117589598	2024-02-27 00:00:00
432	46	245	378448025	2024-02-15 00:00:00	\N	\N
433	44	73	155462069	2024-01-19 00:00:00	\N	\N
434	45	18	104637110	2024-01-02 00:00:00	106145864	2024-01-26 00:00:00
435	7	103	171266073	2024-03-28 00:00:00	\N	\N
436	6	249	121471348	2024-02-17 00:00:00	125929917	2024-03-05 00:00:00
437	17	45	136041144	2024-03-02 00:00:00	145822274	2024-03-20 00:00:00
438	45	169	355484771	2024-02-17 00:00:00	\N	\N
439	5	48	376585999	2024-02-10 00:00:00	381541601	2024-02-17 00:00:00
440	43	22	282189236	2024-01-29 00:00:00	284648470	2024-02-04 00:00:00
441	14	202	247712681	2024-03-12 00:00:00	\N	\N
442	1	123	107474777	2024-03-07 00:00:00	\N	\N
443	33	173	344747731	2024-02-21 00:00:00	\N	\N
444	1	217	215931675	2024-01-05 00:00:00	222923709	2024-01-10 00:00:00
445	22	128	297578072	2024-03-24 00:00:00	\N	\N
446	22	214	117118664	2024-02-26 00:00:00	\N	\N
447	7	33	114912206	2024-03-30 00:00:00	115774753	2024-04-22 00:00:00
448	28	109	175415058	2024-03-22 00:00:00	184482450	2024-03-25 00:00:00
449	28	88	112524584	2024-01-06 00:00:00	115113051	2024-02-03 00:00:00
450	30	43	212284807	2024-02-03 00:00:00	\N	\N
451	23	159	193490915	2024-03-08 00:00:00	\N	\N
452	13	114	274825029	2024-01-30 00:00:00	279933793	2024-02-21 00:00:00
453	13	186	99357102	2024-02-28 00:00:00	\N	\N
454	9	216	135732754	2024-01-21 00:00:00	145438796	2024-02-20 00:00:00
455	14	17	387410791	2024-03-22 00:00:00	388120970	2024-04-16 00:00:00
456	30	179	388652623	2024-03-29 00:00:00	391632991	2024-04-13 00:00:00
457	25	197	262006665	2024-03-11 00:00:00	268207591	2024-03-29 00:00:00
458	43	191	266196510	2024-03-23 00:00:00	\N	\N
459	19	105	367061778	2024-03-31 00:00:00	373243939	2024-04-21 00:00:00
460	10	2	110929842	2024-02-16 00:00:00	\N	\N
461	8	176	325288371	2024-03-17 00:00:00	\N	\N
462	41	166	322246166	2024-02-13 00:00:00	322844771	2024-02-27 00:00:00
463	13	120	110148627	2024-02-24 00:00:00	114612887	2024-03-11 00:00:00
464	39	53	326371423	2024-02-03 00:00:00	326650723	2024-02-29 00:00:00
465	9	134	399358754	2024-02-01 00:00:00	\N	\N
466	33	119	297001124	2024-03-03 00:00:00	\N	\N
467	47	137	310740849	2024-03-10 00:00:00	\N	\N
468	40	123	257001408	2024-01-09 00:00:00	\N	\N
469	11	230	282751836	2024-02-03 00:00:00	285305816	2024-02-13 00:00:00
470	7	242	119737005	2024-02-23 00:00:00	\N	\N
471	15	145	281109747	2024-03-12 00:00:00	\N	\N
472	43	204	332438287	2024-03-06 00:00:00	339010608	2024-04-04 00:00:00
473	5	18	242225584	2024-03-17 00:00:00	\N	\N
474	33	228	92731537	2024-01-18 00:00:00	98674314	2024-02-16 00:00:00
475	7	136	284386016	2024-02-10 00:00:00	\N	\N
476	27	223	386056947	2024-03-10 00:00:00	391403820	2024-03-13 00:00:00
477	40	73	124297493	2024-02-13 00:00:00	131787595	2024-03-10 00:00:00
478	29	73	148850792	2024-02-20 00:00:00	\N	\N
479	4	7	375107249	2024-01-11 00:00:00	381023542	2024-02-05 00:00:00
480	40	57	220126498	2024-03-30 00:00:00	\N	\N
481	30	202	356257967	2024-01-07 00:00:00	\N	\N
482	1	103	228999112	2024-02-07 00:00:00	\N	\N
483	25	166	265760776	2024-01-07 00:00:00	267844122	2024-01-25 00:00:00
484	48	123	362069434	2024-03-21 00:00:00	\N	\N
485	40	229	217007722	2024-02-16 00:00:00	\N	\N
486	25	189	295327110	2024-01-15 00:00:00	298157963	2024-02-08 00:00:00
487	1	70	216663370	2024-02-07 00:00:00	221042417	2024-02-24 00:00:00
488	10	236	372040389	2024-03-30 00:00:00	375596505	2024-04-05 00:00:00
489	19	129	137622901	2024-03-26 00:00:00	147138240	2024-04-15 00:00:00
490	31	162	295506494	2024-03-16 00:00:00	303762930	2024-04-15 00:00:00
491	10	71	274875355	2024-02-20 00:00:00	282805204	2024-03-18 00:00:00
492	39	19	233133147	2024-03-09 00:00:00	233365545	2024-03-11 00:00:00
493	7	247	273511390	2024-02-10 00:00:00	\N	\N
494	42	39	267796280	2024-01-05 00:00:00	\N	\N
495	37	115	177587383	2024-03-26 00:00:00	\N	\N
496	16	28	233966342	2024-03-24 00:00:00	\N	\N
497	41	86	292573869	2024-03-18 00:00:00	302316091	2024-03-24 00:00:00
498	31	242	260426230	2024-01-15 00:00:00	264165592	2024-02-08 00:00:00
499	13	214	340768092	2024-02-13 00:00:00	342046113	2024-02-15 00:00:00
500	20	133	393514496	2024-03-03 00:00:00	394351644	2024-03-25 00:00:00
\.


--
-- Data for Name: buyers; Type: TABLE DATA; Schema: public; Owner: postgres
--

COPY public.buyers (buyer_id, name, phone_number, email, kota_id) FROM stdin;
1	Safina Zulkarnain	(018) 052 2824	pkurniawan@example.net	3578
2	Dt. Karna Budiman, S.E.I	+62 (00) 067-6448	winarnodono@example.com	6472
3	Sabrina Waskita	+62 (059) 365-2501	pangesturadika@example.org	3273
4	Maryadi Wijayanti	(052) 634-8336	xsaragih@example.net	7371
5	Patricia Waskita	+62-830-684-0235	luissantoso@example.com	3173
6	Cakrajiya Saefullah, S.Ked	(0918) 301 9951	jayadiyuniar@example.com	5171
7	T. Wawan Puspita, S.I.Kom	(0245) 040 2278	tarihoraneluh@example.org	3171
8	Kajen Saputra	+62-262-960-6859	pranowopaulin@example.org	3173
9	Kayla Yuniar	(0493) 577 7077	unajmudin@example.net	1371
10	Emas Nashiruddin	081 306 3559	csudiati@example.com	3273
11	Zelda Dabukke	+62 (0258) 541 1312	hmelani@example.net	3578
12	Gambira Kusumo, S.Psi	+62-649-156-7102	bambangriyanti@example.com	1375
13	Jail Pudjiastuti	+62 (25) 191 6338	atma43@example.com	3175
14	Drs. Genta Nuraini	+62 (707) 259-9800	malarajata@example.org	6472
15	T. Wardaya Nasyiah	(022) 640-2782	makuta91@example.com	3171
16	Saka Januar	+62 (096) 683-1017	pranatawasita@example.net	3573
17	Sidiq Yolanda	0839759169	srahimah@example.org	3573
18	Gatra Napitupulu	(044) 975 7742	kusumokayla@example.org	1375
19	Ir. Amalia Manullang, S.Psi	(0267) 710-8675	unjani81@example.net	6472
20	Prayoga Hassanah	+62 (0700) 951-8794	ayu17@example.net	3471
21	Puti Uchita Pudjiastuti, S.H.	(005) 294-2277	irfanpranowo@example.com	3573
22	Jamalia Hidayanto	+62-503-743-7584	ajimanprakasa@example.net	3573
23	Dt. Lukita Puspita	+62 (037) 741-4440	mursitarahmawati@example.org	1371
24	Karman Januar	(0557) 198 5619	wsihombing@example.com	3172
25	Padmi Mulyani	+62-0534-376-0241	padmiwidiastuti@example.com	3172
26	Leo Pranowo	+62 (146) 435 5448	unggulyuniar@example.org	7371
27	Safina Natsir	+62 (014) 167 8338	imam60@example.org	7371
28	Qori Salahudin	+62 (0613) 445 1081	najmudinmustika@example.org	3172
29	Unggul Maulana	0825309838	qpudjiastuti@example.net	3471
30	Mumpuni Samosir	+62 (0013) 074-3652	bakda92@example.net	6472
31	Usyi Januar	+62 (10) 009 9348	tambawinda@example.org	6472
32	T. Virman Irawan, S.Sos	+62-028-955-7658	pmandala@example.net	1371
33	Zelaya Mangunsong	+62 (072) 767 2294	uwacana@example.com	1375
34	Ir. Himawan Simbolon, S.Kom	+62-95-741-6478	ajiminsusanti@example.net	3174
35	Eva Megantara	+62 (021) 004 9880	ulimarbun@example.net	6472
36	Kasusra Setiawan	+62 (423) 811 7152	simanjuntakkurnia@example.com	3174
37	Hj. Rahayu Hardiansyah	+62 (45) 575 7217	hardana18@example.org	1375
38	Ibrani Saefullah	+62 (0475) 183 3920	napitupululala@example.org	3172
39	Agnes Prasetyo	+62-0438-807-8352	jakapermata@example.org	3174
40	Balapati Aryani	+62 (0028) 057 1025	saputraoman@example.com	6471
41	Anita Tampubolon	0808702492	ghaliyati60@example.net	6471
42	Nadia Mangunsong	+62-009-163-4139	simbolonmariadi@example.com	3471
43	Prayoga Usamah, M.Pd	(041) 478-5746	hanahalim@example.org	3174
44	Kasiran Marbun	(0553) 548-3945	padmahartati@example.org	3573
45	Puti Malika Aryani, S.Kom	086 088 0989	hutama@example.net	3471
46	Dacin Habibi	+62 (0947) 206 2259	glaksmiwati@example.org	3273
47	Anastasia Nasyidah, S.Ked	+62 (62) 143 2427	wulandariwaluyo@example.com	3171
48	H. Asmadi Kusumo, M.Pd	+62 (0010) 450-6717	hsihotang@example.com	7371
49	Halima Budiman	+62 (001) 044 6166	oliva99@example.com	6472
50	Radit Januar	+62 (47) 565-7709	rajatamahmud@example.net	5171
\.


--
-- Data for Name: cars_products; Type: TABLE DATA; Schema: public; Owner: postgres
--

COPY public.cars_products (product_id, seller_id, brand, model, year, price, body_type, car_type) FROM stdin;
1	3	Toyota	Toyota Yaris	2016	175000000	Hatchback	Automatic
2	9	Toyota	Toyota Yaris	2018	215000000	Hatchback	Automatic
3	25	Toyota	Toyota Yaris	2014	162000000	Hatchback	Manual
4	16	Toyota	Toyota Yaris	2020	220000000	Hatchback	Automatic
5	5	Toyota	Toyota Yaris	2012	124000000	Hatchback	Automatic
6	43	Toyota	Toyota Agya	2019	114000000	Hatchback	Automatic
7	19	Toyota	Toyota Agya	2014	97000000	Hatchback	Manual
8	1	Toyota	Toyota Agya	2016	110000000	Hatchback	Automatic
9	49	Toyota	Toyota Agya	2022	155500000	Hatchback	Automatic
10	41	Toyota	Toyota Agya	2017	115500000	Hatchback	Manual
11	16	Toyota	Toyota Calya	2019	130000000	Wagon	Automatic
12	43	Toyota	Toyota Calya	2019	137000000	Wagon	Automatic
13	39	Toyota	Toyota Calya	2017	115500000	Wagon	Automatic
14	12	Toyota	Toyota Calya	2016	104000000	Wagon	Automatic
15	46	Toyota	Toyota Calya	2016	107000000	Wagon	Automatic
16	4	Daihatsu	Daihatsu Ayla	2016	83000000	Hatchback	Manual
17	38	Daihatsu	Daihatsu Ayla	2019	120000000	Hatchback	Manual
18	22	Daihatsu	Daihatsu Ayla	2015	96000000	Hatchback	Automatic
19	7	Daihatsu	Daihatsu Ayla	2017	115000000	Hatchback	Automatic
20	48	Daihatsu	Daihatsu Ayla	2017	113000000	Hatchback	Automatic
21	13	Daihatsu	Daihatsu Terios	2018	190000000	SUV	Manual
22	16	Daihatsu	Daihatsu Terios	2022	223000000	SUV	Automatic
23	50	Daihatsu	Daihatsu Terios	2019	189900000	SUV	Automatic
24	12	Daihatsu	Daihatsu Terios	2017	166000000	SUV	Automatic
25	27	Daihatsu	Daihatsu Terios	2018	201000000	SUV	Automatic
26	12	Daihatsu	Daihatsu Xenia	2019	170000000	MPV	Manual
27	15	Daihatsu	Daihatsu Xenia	2022	220500000	MPV	Automatic
28	16	Daihatsu	Daihatsu Xenia	2017	135000000	MPV	Manual
29	7	Daihatsu	Daihatsu Xenia	2014	100000000	MPV	Automatic
30	5	Daihatsu	Daihatsu Xenia	2018	159000000	MPV	Manual
31	7	Honda	Honda Jazz	2018	236000000	Hatchback	Automatic
32	20	Honda	Honda Jazz	2019	250000000	Hatchback	Manual
33	14	Honda	Honda Jazz	2018	216000000	Hatchback	Manual
34	49	Honda	Honda Jazz	2015	192000000	Hatchback	Automatic
35	35	Honda	Honda Jazz	2013	178000000	Hatchback	Automatic
36	25	Honda	Honda CR-V	2018	415000000	SUV	Automatic
37	1	Honda	Honda CR-V	2017	345000000	SUV	Manual
38	33	Honda	Honda CR-V	2009	116000000	SUV	Manual
39	23	Honda	Honda CR-V	2016	269000000	SUV	Automatic
40	31	Honda	Honda CR-V	2018	398500000	SUV	Automatic
41	15	Honda	Honda Civic	2018	350000000	Hatchback	Manual
42	15	Honda	Honda Civic	2010	165000000	Sedan	Automatic
43	36	Honda	Honda Civic	2013	186000000	Sedan	Automatic
44	49	Honda	Honda Civic	2013	179000000	Sedan	Automatic
45	48	Honda	Honda Civic	2019	397500000	Hatchback	Manual
46	17	Suzuki	Suzuki Ertiga	2015	125000000	MPV	Automatic
47	15	Suzuki	Suzuki Ertiga	2018	178000000	MPV	Manual
48	25	Suzuki	Suzuki Ertiga	2016	168000000	MPV	Automatic
49	22	Suzuki	Suzuki Ertiga	2012	100000000	MPV	Automatic
50	34	Suzuki	Suzuki Ertiga	2018	167000000	MPV	Automatic
\.


--
-- Data for Name: cars_sell; Type: TABLE DATA; Schema: public; Owner: postgres
--

COPY public.cars_sell (car_sell_id, product_id, seller_id, is_bid, date_post) FROM stdin;
1	34	50	t	2024-03-29 00:00:00
2	3	44	t	2024-01-21 00:00:00
3	16	42	t	2024-03-21 00:00:00
4	6	19	t	2024-01-17 00:00:00
5	35	10	t	2024-02-18 00:00:00
6	14	3	t	2024-01-02 00:00:00
7	27	50	t	2024-01-30 00:00:00
8	20	15	t	2024-01-25 00:00:00
9	44	40	t	2024-01-01 00:00:00
10	46	27	t	2024-02-14 00:00:00
11	26	23	t	2024-01-16 00:00:00
12	1	31	t	2024-02-29 00:00:00
13	20	31	t	2024-02-27 00:00:00
14	6	43	t	2024-03-04 00:00:00
15	12	5	t	2024-01-23 00:00:00
16	43	49	t	2024-01-12 00:00:00
17	38	10	t	2024-01-27 00:00:00
18	1	4	t	2024-01-23 00:00:00
19	21	34	t	2024-01-13 00:00:00
20	36	28	t	2024-01-07 00:00:00
21	31	43	t	2024-03-25 00:00:00
22	21	8	t	2024-01-06 00:00:00
23	16	2	t	2024-01-02 00:00:00
24	39	22	t	2024-03-19 00:00:00
25	1	42	t	2024-03-13 00:00:00
26	5	3	t	2024-02-19 00:00:00
27	41	29	t	2024-01-03 00:00:00
28	6	17	t	2024-03-06 00:00:00
29	18	20	t	2024-03-21 00:00:00
30	7	37	t	2024-02-22 00:00:00
31	11	30	t	2024-03-20 00:00:00
32	22	43	t	2024-01-13 00:00:00
33	40	5	t	2024-01-22 00:00:00
34	35	43	t	2024-03-29 00:00:00
35	25	23	t	2024-01-12 00:00:00
36	47	49	t	2024-01-17 00:00:00
37	21	45	t	2024-03-06 00:00:00
38	33	21	t	2024-02-18 00:00:00
39	14	32	t	2024-03-02 00:00:00
40	49	12	t	2024-01-18 00:00:00
41	21	9	t	2024-02-12 00:00:00
42	11	30	t	2024-02-09 00:00:00
43	5	42	t	2024-03-16 00:00:00
44	18	49	t	2024-02-17 00:00:00
45	8	45	t	2024-01-31 00:00:00
46	20	42	t	2024-02-17 00:00:00
47	9	19	t	2024-03-29 00:00:00
48	49	7	t	2024-02-28 00:00:00
49	8	33	t	2024-01-12 00:00:00
50	20	4	t	2024-03-10 00:00:00
51	9	19	t	2024-01-11 00:00:00
52	42	14	t	2024-03-13 00:00:00
53	37	46	t	2024-02-29 00:00:00
54	35	33	t	2024-02-13 00:00:00
55	31	16	t	2024-01-19 00:00:00
56	32	36	t	2024-03-13 00:00:00
57	20	37	t	2024-03-08 00:00:00
58	7	42	t	2024-03-15 00:00:00
59	22	15	t	2024-02-27 00:00:00
60	23	14	t	2024-01-17 00:00:00
61	2	23	t	2024-01-20 00:00:00
62	49	46	t	2024-01-06 00:00:00
63	25	22	t	2024-02-14 00:00:00
64	13	36	t	2024-02-23 00:00:00
65	35	30	t	2024-01-18 00:00:00
66	9	6	t	2024-03-21 00:00:00
67	20	4	t	2024-03-04 00:00:00
68	28	28	t	2024-03-12 00:00:00
69	49	43	t	2024-01-19 00:00:00
70	25	5	t	2024-02-24 00:00:00
71	17	48	t	2024-02-26 00:00:00
72	15	40	t	2024-01-15 00:00:00
73	18	27	t	2024-01-31 00:00:00
74	34	1	t	2024-03-09 00:00:00
75	3	36	t	2024-03-30 00:00:00
76	49	11	t	2024-01-20 00:00:00
77	24	3	t	2024-01-29 00:00:00
78	20	44	t	2024-01-11 00:00:00
79	14	31	t	2024-02-26 00:00:00
80	45	21	t	2024-03-26 00:00:00
81	2	44	t	2024-03-20 00:00:00
82	33	41	t	2024-03-28 00:00:00
83	3	28	t	2024-01-16 00:00:00
84	19	26	t	2024-02-26 00:00:00
85	7	32	t	2024-01-20 00:00:00
86	26	25	t	2024-03-19 00:00:00
87	24	5	t	2024-03-15 00:00:00
88	19	45	t	2024-01-23 00:00:00
89	46	41	t	2024-01-21 00:00:00
90	4	39	t	2024-02-15 00:00:00
91	20	25	t	2024-01-19 00:00:00
92	50	21	t	2024-03-14 00:00:00
93	7	41	t	2024-01-21 00:00:00
94	49	48	t	2024-01-14 00:00:00
95	29	5	t	2024-01-26 00:00:00
96	20	25	t	2024-03-25 00:00:00
97	47	50	t	2024-02-24 00:00:00
98	3	16	t	2024-02-14 00:00:00
99	19	48	t	2024-03-11 00:00:00
100	49	20	t	2024-03-26 00:00:00
101	46	33	t	2024-02-11 00:00:00
102	41	8	t	2024-01-20 00:00:00
103	22	50	t	2024-02-23 00:00:00
104	32	27	t	2024-01-19 00:00:00
105	16	10	t	2024-01-23 00:00:00
106	36	48	t	2024-02-22 00:00:00
107	19	5	t	2024-03-22 00:00:00
108	48	42	t	2024-02-29 00:00:00
109	46	16	t	2024-03-11 00:00:00
110	39	21	t	2024-03-28 00:00:00
111	42	9	t	2024-02-14 00:00:00
112	34	47	t	2024-01-06 00:00:00
113	10	11	t	2024-01-17 00:00:00
114	30	42	t	2024-03-09 00:00:00
115	44	17	t	2024-01-12 00:00:00
116	19	48	t	2024-03-02 00:00:00
117	7	6	t	2024-03-17 00:00:00
118	14	35	t	2024-01-27 00:00:00
119	34	11	t	2024-03-09 00:00:00
120	30	20	t	2024-01-06 00:00:00
121	6	38	t	2024-01-12 00:00:00
122	19	2	t	2024-03-09 00:00:00
123	19	1	t	2024-02-09 00:00:00
124	32	25	t	2024-02-09 00:00:00
125	34	26	t	2024-03-20 00:00:00
126	47	6	t	2024-01-01 00:00:00
127	33	1	t	2024-02-24 00:00:00
128	41	13	t	2024-02-11 00:00:00
129	29	33	t	2024-03-22 00:00:00
130	25	35	t	2024-01-01 00:00:00
131	17	19	t	2024-02-14 00:00:00
132	5	45	t	2024-02-11 00:00:00
133	1	3	t	2024-01-20 00:00:00
134	50	28	t	2024-03-22 00:00:00
135	9	18	t	2024-01-28 00:00:00
136	10	14	t	2024-01-13 00:00:00
137	42	46	t	2024-01-27 00:00:00
138	40	50	t	2024-01-21 00:00:00
139	37	14	t	2024-01-10 00:00:00
140	38	15	t	2024-01-02 00:00:00
141	29	13	t	2024-03-30 00:00:00
142	21	33	t	2024-02-27 00:00:00
143	29	4	t	2024-02-11 00:00:00
144	13	41	t	2024-02-20 00:00:00
145	28	31	t	2024-01-23 00:00:00
146	38	7	t	2024-01-02 00:00:00
147	5	39	t	2024-02-11 00:00:00
148	41	9	t	2024-01-04 00:00:00
149	42	29	t	2024-01-22 00:00:00
150	8	23	t	2024-02-19 00:00:00
151	1	20	t	2024-03-08 00:00:00
152	44	41	t	2024-03-12 00:00:00
153	20	31	t	2024-03-04 00:00:00
154	10	38	t	2024-02-06 00:00:00
155	47	24	t	2024-03-21 00:00:00
156	13	39	t	2024-01-18 00:00:00
157	19	16	t	2024-03-28 00:00:00
158	40	15	t	2024-03-25 00:00:00
159	5	32	t	2024-02-25 00:00:00
160	44	2	t	2024-01-12 00:00:00
161	46	23	t	2024-02-25 00:00:00
162	28	25	t	2024-01-25 00:00:00
163	38	49	t	2024-02-22 00:00:00
164	12	23	t	2024-02-22 00:00:00
165	26	21	t	2024-03-24 00:00:00
166	28	33	t	2024-02-03 00:00:00
167	47	8	t	2024-02-16 00:00:00
168	45	34	t	2024-01-18 00:00:00
169	31	15	t	2024-01-12 00:00:00
170	35	3	t	2024-02-05 00:00:00
171	44	43	t	2024-02-29 00:00:00
172	19	43	t	2024-02-08 00:00:00
173	31	49	t	2024-03-06 00:00:00
174	43	3	t	2024-02-19 00:00:00
175	6	25	t	2024-03-06 00:00:00
176	50	41	t	2024-01-04 00:00:00
177	7	27	t	2024-01-05 00:00:00
178	6	48	t	2024-02-12 00:00:00
179	25	46	t	2024-03-29 00:00:00
180	8	9	t	2024-01-24 00:00:00
181	18	50	t	2024-02-19 00:00:00
182	5	26	t	2024-03-09 00:00:00
183	1	44	t	2024-02-05 00:00:00
184	47	19	t	2024-02-11 00:00:00
185	45	37	t	2024-03-28 00:00:00
186	43	27	t	2024-02-27 00:00:00
187	47	44	t	2024-01-12 00:00:00
188	1	24	t	2024-03-07 00:00:00
189	41	37	t	2024-03-17 00:00:00
190	10	6	t	2024-02-25 00:00:00
191	43	6	t	2024-02-14 00:00:00
192	21	16	t	2024-02-25 00:00:00
193	18	43	t	2024-03-19 00:00:00
194	28	32	t	2024-01-05 00:00:00
195	32	22	t	2024-02-26 00:00:00
196	35	11	t	2024-01-11 00:00:00
197	26	18	t	2024-01-26 00:00:00
198	32	29	t	2024-01-20 00:00:00
199	36	22	t	2024-02-21 00:00:00
200	11	4	t	2024-01-15 00:00:00
201	38	33	t	2024-01-21 00:00:00
202	5	18	t	2024-01-30 00:00:00
203	50	7	t	2024-03-13 00:00:00
204	6	38	t	2024-03-05 00:00:00
205	12	47	t	2024-03-06 00:00:00
206	27	26	t	2024-03-01 00:00:00
207	40	18	t	2024-01-10 00:00:00
208	8	48	t	2024-03-25 00:00:00
209	50	9	t	2024-03-16 00:00:00
210	48	12	t	2024-02-16 00:00:00
211	34	26	t	2024-02-10 00:00:00
212	41	38	t	2024-03-19 00:00:00
213	31	45	t	2024-03-26 00:00:00
214	13	4	t	2024-03-28 00:00:00
215	4	3	t	2024-02-13 00:00:00
216	29	49	t	2024-02-01 00:00:00
217	24	38	t	2024-01-30 00:00:00
218	17	35	t	2024-03-04 00:00:00
219	41	22	t	2024-01-13 00:00:00
220	42	5	t	2024-03-19 00:00:00
221	30	19	t	2024-01-10 00:00:00
222	17	33	t	2024-01-10 00:00:00
223	12	27	t	2024-03-01 00:00:00
224	2	24	t	2024-03-18 00:00:00
225	27	41	t	2024-03-29 00:00:00
226	38	47	t	2024-03-18 00:00:00
227	39	50	t	2024-01-13 00:00:00
228	17	21	t	2024-02-20 00:00:00
229	36	18	t	2024-03-25 00:00:00
230	40	4	t	2024-01-28 00:00:00
231	2	13	t	2024-03-22 00:00:00
232	25	41	t	2024-02-26 00:00:00
233	6	13	t	2024-02-10 00:00:00
234	33	25	t	2024-03-10 00:00:00
235	26	30	t	2024-02-23 00:00:00
236	25	49	t	2024-01-04 00:00:00
237	35	14	t	2024-02-01 00:00:00
238	27	15	t	2024-03-22 00:00:00
239	41	27	t	2024-02-12 00:00:00
240	28	3	t	2024-02-07 00:00:00
241	11	42	t	2024-03-03 00:00:00
242	30	34	t	2024-01-10 00:00:00
243	6	35	t	2024-02-22 00:00:00
244	32	46	t	2024-01-03 00:00:00
245	35	47	t	2024-01-17 00:00:00
246	2	38	t	2024-03-02 00:00:00
247	49	17	t	2024-01-29 00:00:00
248	24	27	t	2024-01-26 00:00:00
249	14	41	t	2024-03-09 00:00:00
250	15	44	t	2024-03-05 00:00:00
\.


--
-- Data for Name: city; Type: TABLE DATA; Schema: public; Owner: postgres
--

COPY public.city (kota_id, nama_kota, latitude, longitude) FROM stdin;
3171	Kota Jakarta Pusat	-6.186486	106.834091
3172	Kota Jakarta Utara	-6.121435	106.774124
3173	Kota Jakarta Barat	-6.135200	106.813301
3174	Kota Jakarta Selatan	-6.300641	106.814095
3175	Kota Jakarta Timur	-6.264451	106.895859
3573	Kota Malang	-7.981894	112.626503
3578	Kota Surabaya	-7.289166	112.734398
3471	Kota Yogyakarta	-7.797224	110.368797
3273	Kota Bandung	-6.914744	107.609811
1371	Kota Padang	-0.950000	100.353056
1375	Kota Bukittinggi	-0.305556	100.369167
6471	Kota Balikpapan	-1.263539	116.827883
6472	Kota Samarinda	-0.502183	117.153801
7371	Kota Makassar	-5.133333	119.416667
5171	Kota Denpasar	-8.656290	115.222099
\.


--
-- Data for Name: sellers; Type: TABLE DATA; Schema: public; Owner: postgres
--

COPY public.sellers (seller_id, name, phone_number, email, kota_id) FROM stdin;
1	Tgk. Raisa Santoso	+62 (27) 935 9465	ulya82@example.net	5171
2	Kenari Siregar	+62 (165) 623 4554	uusada@example.com	7371
3	Kajen Maryati, S.Ked	+62 (756) 978-5212	perkasajailani@example.org	5171
4	Hilda Purnawati	+62 (381) 877 0552	harjayahasanah@example.com	7371
5	Gaduh Wijaya	+62 (528) 019 0125	darmantoastuti@example.org	3578
6	Fitria Marpaung	+62-087-288-3418	ozyprasetya@example.org	1375
7	Kani Rajasa	081 631 6451	sitompuldevi@example.net	1375
8	R.M. Timbul Tamba, M.Kom.	+62 (383) 867 0946	enapitupulu@example.org	1375
9	Kenes Rahayu, S.H.	(084) 868 6522	janeprakasa@example.net	3171
10	Ayu Gunawan	+62-56-227-3890	karmabudiman@example.com	3578
11	Kenari Kuswandari	+62 (0500) 637 5780	umayamanullang@example.org	1371
12	Daniswara Mandala	+62-501-159-0081	danangpertiwi@example.org	1371
13	Tgk. Elisa Prayoga, M.Kom.	0892256853	cahyanto46@example.org	3175
14	Keisha Dongoran, S.I.Kom	+62 (74) 280-9736	oaryani@example.org	3174
15	Laila Hutagalung	+62 (025) 523 4652	uyainahmitra@example.net	3172
16	Oni Narpati	+62 (0711) 916-8683	vfarida@example.net	3172
17	Ina Sudiati	(0396) 806-3442	siregarnasrullah@example.org	3273
18	Raina Laksmiwati	+62 (651) 123 6741	gantar54@example.net	7371
19	Taufik Namaga	(0961) 205-0081	suartiniaurora@example.com	3173
20	Shakila Gunarto	+62 (523) 718 6274	onimulyani@example.com	7371
21	dr. Ida Susanti	+62 (97) 133 9732	darmajihalim@example.net	1375
22	Elvina Suartini	+62 (029) 118 8565	maryatinasim@example.net	3172
23	Septi Yulianti	+62 (65) 004 6462	kasusra51@example.com	6472
24	Farah Samosir	(057) 986 1337	ywulandari@example.net	6471
25	Karja Padmasari	(014) 945-7945	rajasaratna@example.net	3175
26	Maya Januar	+62 (83) 530 9698	lhakim@example.com	3174
27	Syahrini Nurdiyanti	+62-040-035-1162	zwibisono@example.org	3175
28	Yunita Farida	(075) 237 8135	jhutapea@example.net	3173
29	Drs. Ifa Widodo	+62-074-572-5306	mitrawahyuni@example.net	3471
30	Sabar Waskita	+62-22-424-9700	mulyono54@example.net	3273
31	Cemeti Firgantoro	+62-200-139-8286	najibmulyani@example.org	3471
32	R. Dian Maryadi	(068) 782 9834	jnainggolan@example.net	3471
33	Rini Palastri	087 310 2881	dimaskuswoyo@example.org	5171
34	Dt. Panca Prayoga	+62-67-215-7379	xadriansyah@example.org	3578
35	Kani Saptono	(069) 076-8185	capa91@example.org	3175
36	Ilyas Simanjuntak	+62-83-788-2158	nugrohoyance@example.com	3175
37	Kawaca Purnawati	081 117 5240	irsadsuryono@example.net	1371
38	Gawati Tamba	+62 (084) 609 4320	olga84@example.org	3171
39	Nadia Dongoran	+62 (0634) 350 5825	banawi69@example.org	6472
40	Ami Kusmawati	087 572 5076	ade24@example.com	3171
41	Liman Nababan	+62-38-069-0380	jbudiyanto@example.com	3471
42	Ir. Hani Prasetyo	0882829598	maryadimaryadi@example.org	3471
43	Puti Gina Namaga	(074) 718-2061	mwahyudin@example.org	3174
44	Vero Wulandari	+62 (89) 229-5996	irawansoleh@example.com	5171
45	Ani Kusmawati, S.E.	085 495 7026	balamantrinasyidah@example.org	1371
46	Karen Utami	+62 (91) 344-5111	hilda63@example.net	3174
47	Dt. Langgeng Nasyidah, S.I.Kom	0898582511	ibrahim71@example.org	3578
48	Kardi Sihombing, S.Gz	+62 (064) 996 3898	cengkir70@example.org	3578
49	drg. Rahayu Rahimah	0821737508	tpermata@example.net	6472
50	Uchita Andriani	+62-0529-517-7691	hartakasihotang@example.net	3471
\.


--
-- Name: bids_bid_id_seq; Type: SEQUENCE SET; Schema: public; Owner: postgres
--

SELECT pg_catalog.setval('public.bids_bid_id_seq', 500, true);


--
-- Name: buyers_buyer_id_seq; Type: SEQUENCE SET; Schema: public; Owner: postgres
--

SELECT pg_catalog.setval('public.buyers_buyer_id_seq', 50, true);


--
-- Name: cars_products_product_id_seq; Type: SEQUENCE SET; Schema: public; Owner: postgres
--

SELECT pg_catalog.setval('public.cars_products_product_id_seq', 50, true);


--
-- Name: cars_sell_car_sell_id_seq; Type: SEQUENCE SET; Schema: public; Owner: postgres
--

SELECT pg_catalog.setval('public.cars_sell_car_sell_id_seq', 250, true);


--
-- Name: city_kota_id_seq; Type: SEQUENCE SET; Schema: public; Owner: postgres
--

SELECT pg_catalog.setval('public.city_kota_id_seq', 1, false);


--
-- Name: sellers_seller_id_seq; Type: SEQUENCE SET; Schema: public; Owner: postgres
--

SELECT pg_catalog.setval('public.sellers_seller_id_seq', 50, true);


--
-- Name: bids bids_pkey; Type: CONSTRAINT; Schema: public; Owner: postgres
--

ALTER TABLE ONLY public.bids
    ADD CONSTRAINT bids_pkey PRIMARY KEY (bid_id);


--
-- Name: buyers buyers_pkey; Type: CONSTRAINT; Schema: public; Owner: postgres
--

ALTER TABLE ONLY public.buyers
    ADD CONSTRAINT buyers_pkey PRIMARY KEY (buyer_id);


--
-- Name: cars_products cars_products_pkey; Type: CONSTRAINT; Schema: public; Owner: postgres
--

ALTER TABLE ONLY public.cars_products
    ADD CONSTRAINT cars_products_pkey PRIMARY KEY (product_id);


--
-- Name: cars_sell cars_sell_pkey; Type: CONSTRAINT; Schema: public; Owner: postgres
--

ALTER TABLE ONLY public.cars_sell
    ADD CONSTRAINT cars_sell_pkey PRIMARY KEY (car_sell_id);


--
-- Name: city city_nama_kota_key; Type: CONSTRAINT; Schema: public; Owner: postgres
--

ALTER TABLE ONLY public.city
    ADD CONSTRAINT city_nama_kota_key UNIQUE (nama_kota);


--
-- Name: city city_pkey; Type: CONSTRAINT; Schema: public; Owner: postgres
--

ALTER TABLE ONLY public.city
    ADD CONSTRAINT city_pkey PRIMARY KEY (kota_id);


--
-- Name: sellers sellers_pkey; Type: CONSTRAINT; Schema: public; Owner: postgres
--

ALTER TABLE ONLY public.sellers
    ADD CONSTRAINT sellers_pkey PRIMARY KEY (seller_id);


--
-- Name: bids bids_buyer_id_fkey; Type: FK CONSTRAINT; Schema: public; Owner: postgres
--

ALTER TABLE ONLY public.bids
    ADD CONSTRAINT bids_buyer_id_fkey FOREIGN KEY (buyer_id) REFERENCES public.buyers(buyer_id);


--
-- Name: bids bids_car_sell_id_fkey; Type: FK CONSTRAINT; Schema: public; Owner: postgres
--

ALTER TABLE ONLY public.bids
    ADD CONSTRAINT bids_car_sell_id_fkey FOREIGN KEY (car_sell_id) REFERENCES public.cars_sell(car_sell_id);


--
-- Name: buyers buyers_kota_id_fkey; Type: FK CONSTRAINT; Schema: public; Owner: postgres
--

ALTER TABLE ONLY public.buyers
    ADD CONSTRAINT buyers_kota_id_fkey FOREIGN KEY (kota_id) REFERENCES public.city(kota_id);


--
-- Name: cars_products cars_products_seller_id_fkey; Type: FK CONSTRAINT; Schema: public; Owner: postgres
--

ALTER TABLE ONLY public.cars_products
    ADD CONSTRAINT cars_products_seller_id_fkey FOREIGN KEY (seller_id) REFERENCES public.sellers(seller_id);


--
-- Name: cars_sell cars_sell_product_id_fkey; Type: FK CONSTRAINT; Schema: public; Owner: postgres
--

ALTER TABLE ONLY public.cars_sell
    ADD CONSTRAINT cars_sell_product_id_fkey FOREIGN KEY (product_id) REFERENCES public.cars_products(product_id);


--
-- Name: cars_sell cars_sell_seller_id_fkey; Type: FK CONSTRAINT; Schema: public; Owner: postgres
--

ALTER TABLE ONLY public.cars_sell
    ADD CONSTRAINT cars_sell_seller_id_fkey FOREIGN KEY (seller_id) REFERENCES public.sellers(seller_id);


--
-- Name: sellers fk_kota_id; Type: FK CONSTRAINT; Schema: public; Owner: postgres
--

ALTER TABLE ONLY public.sellers
    ADD CONSTRAINT fk_kota_id FOREIGN KEY (kota_id) REFERENCES public.city(kota_id);


--
-- PostgreSQL database dump complete
--

